<?xml version="1.0" encoding="utf-8" standalone="yes"?>
<channel>
	<id>animeflv_me</id>
	<name>Animeflv.ME</name>

	<active>true</active>
	<adult>false</adult>
	<language>es</language>

	<fanart></fanart>
	<thumbnail>http://i.imgur.com/x9AdvBx.png</thumbnail>
	<bannermenu>http://i.imgur.com/dTZwCPq.png</bannermenu>

	<update_url>https://raw.githubusercontent.com/pelisalacarta-ce/pelisalacarta-ce/master/python/main-classic/channels/</update_url>
	<version>12</version>
	
    <changes>
		<change>
			<date>15/03/2017</date>
			<autor></autor>
			<description>limpieza código</description>
		</change>
		<change>
			<date>05/01/2017</date>
			<autor></autor>
			<description>
				Actualizada url de la opción Novedades
				Arreglado un error que impedia que se mostrara un solo resultado al realizar busquedas
				Limpieza de código
			</description>
		</change>
		<change>
			<date>01/07/2016</date>
			<autor></autor>
			<description>nuevo canal</description>
		</change>
	</changes>
	
	<categories>
		<category>anime</category>
	</categories>

	<settings>
		<id>include_in_global_search</id>
		<type>bool</type>
		<label>Incluir en busqueda global</label>
		<default>false</default>
		<enabled>true</enabled>
		<visible>true</visible>
	</settings>
</channel>
