﻿<?xml version="0.1" encoding="utf-8" standalone="yes"?>
<channel>
	<id>seriesmeme</id>
	<name>SeriesMeme</name>

	<active>true</active>
	<adult>false</adult>
	<language>es</language>

	<fanart></fanart>
	<thumbnail>http://i.imgur.com/d5hLmwD.png</thumbnail>
	<bannermenu>http://i.imgur.com/Gic8L60.png</bannermenu>

	<update_url>https://raw.githubusercontent.com/pelisalacarta-ce/pelisalacarta-ce/master/python/main-classic/channels/</update_url>
	<version>2</version>
	
    <changes>
		<change>
			<date>18/05/2017</date>
			<autor></autor>
			<description>Mejora estética agregado modulo tmdb</description>
		</change>
	</changes>
	
	<categories>
		<category>serie</category>
                <category>latino</category>
	</categories>

</channel>
